adaptiv?;n;sigma hat;h;Histogram RMSE;Histogram KL Divergenz;Diff between histogram integral and ground truth
nicht-adaptiv;10000;2.08;0.35;0.0081;0.0059;0.042517
adaptiv;10000;2.08;0.35;0.0247;0.0538;0.064703
nicht-adaptiv;10000;2.08;0.35;0.0091;0.0155;0.027048
adaptiv;10000;2.08;0.35;0.0233;0.0449;0.047158
nicht-adaptiv;10000;2.09;0.35;0.0078;0.0059;0.017442
adaptiv;10000;2.09;0.35;0.0195;0.0743;0.292649
nicht-adaptiv;10000;2.06;0.35;0.0088;0.0061;0.010183
adaptiv;10000;2.06;0.35;0.022;0.0464;0.069038
nicht-adaptiv;10000;2.09;0.35;0.0078;0.0057;0.003602
adaptiv;10000;2.09;0.35;0.0243;-0.0132;0.232653
nicht-adaptiv;10000;2.08;0.35;0.0074;0.0059;0.016647
adaptiv;10000;2.08;0.35;0.027;-0.0261;0.33143
nicht-adaptiv;10000;2.07;0.35;0.0077;0.0061;0.027685
adaptiv;10000;2.07;0.35;0.0221;0.031;0.031692
nicht-adaptiv;10000;2.09;0.35;0.0071;0.0056;0.004937
adaptiv;10000;2.09;0.35;0.0241;0.0443;0.042052
nicht-adaptiv;10000;2.09;0.35;0.0081;0.01;0.000588
adaptiv;10000;2.09;0.35;0.0241;0.0246;0.001494
nicht-adaptiv;10000;2.08;0.35;0.0077;0.0065;0.024762
adaptiv;10000;2.08;0.35;0.0218;0.0388;0.035915
